{
  "name": "UI Automation sample framework for Patient-App",
  "email": "hello@cypress.io",
  "body": "Fixtures are a great way to mock data for responses to routes",
  "logoName": "Agnos-logo",
  "memberIDLabel": "Member Id",
  "subscriberLabel": "Subscriber",
  "contactHealthPlanLabel": "Contact Health Plan",
  "appointmentsHeader": " Appointments",
  "upcomingTab": "Upcoming",
  "pastTab": "Past",
  "myHealthOptions": ["Condition", "Allergies", "Medications", "Encounters", "Immunizations", "Observations", "Diagnostic Reports", "Goals"],
  "moreBreadcrumbList": ["Profile", "Terms and Conditions", "Privacy Policy", "Logout"],
  "myProfileLabels": ["ID", "Name", "Birth Date", "Gender", "Phone Numbers"],
  "rescheduleAppointmentComment": "Reschedule Appointment Comment - Automated!",
  "cancelAppointmentComment": "Cancel Appointment Comment - Automated!",
  "providerUserName": "patient1",
  "providerPassword": "password1"
}